use my_shop;

INSERT INTO catalogs VALUES
  (1, 'Готовые решения'),
  (2, 'Плагины'),
  (3, 'SEO'),
  (4, 'Размещение'),
  (5, 'Администрирование');

INSERT INTO users (id, firstname, lastname, email, password_hash, phone)
VALUES
  ('1', 'Wilfrid', 'Gulgowski', 'arau@example.com', '9d86f67029ff654d3119989c2aae9d3d8077a76e', '791300000000'),
  ('2', 'Charlie', 'Adams', 'qzulauf@example.net', 'df555b8a4bbcd175e7d899f6107fe3e2fcb3b045', '791300000001'),
  ('3', 'Shanelle', 'Bechtelar', 'frances70@example.org', '78ebcd622ff46c9eedf94f153582004f5f97bfc0', '791300000002'),
  ('4', 'Chester', 'Gibson', 'wheidenreich@example.net', '82ddf925c7b60a5f38ab98208f6cfa5ed72aef02', '791300000003'),
  ('5', 'Janick', 'Tremblay', 'carroll.ignacio@example.net', 'd0d0185c6f4630cfef10a8baaa12994cde21eb8a', '791300000004'),
  ('6', 'Kari', 'Emard', 'alysa.botsford@example.net', 'f6a4a67c33a5124355646835ae330f0b6dc77eff', '791300000005'),
  ('7', 'Olga', 'Mann', 'timmy99@example.net', '4a263fae34f7ff1b9adce57adf1b179420efd24a', '791300000006'),
  ('8', 'Charity', 'Fritsch', 'piper04@example.org', '0975335f79295bf97b2a109d424793d863fdd79f', '791300000007'),
  ('9', 'Lucious', 'Boehm', 'josiane42@example.com', '52acdaa74d4583e67b8fb0a338c02bdfd4f5696d', '791300000008'),
  ('10', 'Demond', 'Heaney', 'terrell18@example.net', 'b5acaf254434b5715d52f1b38e6e618ee99ae063', '791300000009'),
  ('11', 'Carolanne', 'Pagac', 'torp.daphney@example.net', '6a61b002ff1e394e414a3c59ddd9e55f0b72b7ab', '791300000010'),
  ('12', 'Ike', 'Pfeffer', 'nziemann@example.net', '378ad67c3f2cdc43b5c81b115f66fa5901ff986a', '791300000011'),
  ('13', 'Paul', 'Ullrich', 'wendy.cruickshank@example.com', 'be06fe0c2cb7bc4d5b8c2e3a024d2be9ffac2310', '791300000012'),
  ('14', 'Brian', 'O\'Keefe', 'haley.burley@example.org', 'a3a0b1bc92ac2afb497d849c36eae4908910f916', '791300000013'),
  ('15', 'Arno', 'Monahan', 'obauch@example.net', 'a24d075dc8e8fd6eaff27958b1cbeefe39969751', '791300000014');

INSERT INTO photos (id, link_to_photo)
VALUES
  ('1', 'test.ru/photos/photo_1.jpg'),
  ('2', 'test.ru/photos/photo_2.jpg'),
  ('3', 'test.ru/photos/photo_3.jpg'),
  ('4', 'test.ru/photos/photo_4.jpg'),
  ('5', 'test.ru/photos/photo_5.jpg'),
  ('6', 'test.ru/photos/photo_6.jpg'),
  ('7', 'test.ru/photos/photo_7.jpg'),
  ('8', 'test.ru/photos/photo_8.jpg'),
  ('9', 'test.ru/photos/photo_9.jpg'),
  ('10', 'test.ru/photos/photo_10.jpg'),
  ('11', 'test.ru/photos/photo_11.jpg'),
  ('12', 'test.ru/photos/photo_12.jpg'),
  ('13', 'test.ru/photos/photo_13.jpg'),
  ('14', 'test.ru/photos/photo_14.jpg'),
  ('15', 'test.ru/photos/photo_15.jpg');

INSERT INTO profiles (user_id, gender, birtday, photo_id, hometown, created_at, updated_at)
VALUES
  ('1', 'M', '2004-05-28', '1', 'Moscow', '2006-09-08 15:29:12', NULL),
  ('2', 'F', '2005-05-10', '2', 'Saint-P', '1982-10-04 11:13:10', NULL),
  ('3', 'F', '1996-08-18', '3', 'Nsk', '1973-08-23 20:52:04', NULL),
  ('4', 'M', '1981-09-30', '4', 'Kalinigrad', '1983-11-23 19:50:03', NULL),
  ('5', 'M', '1970-10-23', '5', 'Moscow', '1981-08-27 07:01:45', NULL),
  ('6', 'M', '2006-07-20', '6', 'Kalinigrad', '1982-07-02 11:46:58', NULL),
  ('7', 'M', '1993-04-24', '7', 'Moscow', '2008-08-11 06:41:18', NULL),
  ('8', 'M', '1990-02-18', '8', 'Moscow', '2007-05-15 20:02:54', NULL),
  ('9', 'M', '1994-12-21', '9', 'Moscow', '1974-11-29 20:45:52', NULL),
  ('10', 'F', '1980-05-23', '10', 'Moscow', '1980-12-08 21:19:18', NULL),
  ('11', 'F', '1997-08-03', '11', 'Kalinigrad', '1994-09-24 08:47:29', NULL),
  ('12', 'F', '1978-06-18', '12', 'Moscow', '1983-07-30 22:50:05', NULL),
  ('13', 'F', '2011-07-07', '13', 'Moscow', '2000-07-06 15:30:19', NULL),
  ('14', 'F', '1993-02-06', '14', 'Moscow', '1971-12-10 09:50:41', NULL),
  ('15', 'F', '1997-06-08', '15', 'Moscow', '1985-09-02 00:02:18', NULL);

INSERT INTO products (name, description, price, catalog_id)
VALUES
  ('Интернет магазин №1', 'Готовое решенение для интернет магазина строительной тиматики.', 25000.00, 1),
  ('Интернет магазин №2', 'Готовое решенение для интернет магазина одежды.', 30000.00, 1),
  ('Интернет магазин №3', 'Готовое решенение для интернет магазина.', 35000.00, 1),
  ('Модуль загрузки прайса', 'Модуль загрузки прайса.', 10000.00, 2),
  ('Модуль выгрузки прайса', 'Модуль выгрузки прайса.', 10000.00, 2),
  ('Размещение на хостере', 'Выбор, регистрация домена, аренда мощностей, размещение магазина', 2500.00, 4),
  ('SEO продвижение', 'Продвижение интернет магазина', 7000.00, 3),
  ('Администрирование магазина', 'Администрирование, решение проблем', 7000.00, 5);

INSERT INTO showroom (id, link_to_product)
VALUES
  ('1', 'test.ru/showroom/e-mag-1.html'),
  ('2', 'test.ru/showroom/e-mag-2.html'),
  ('3', 'test.ru/showroom/e-mag-3.jpg');


INSERT INTO orders (id, user_id, created_at, updated_at)
VALUES
  ('1', 1, '1972-04-26 16:02:11', '1971-10-12 23:40:56'),
  ('2', 2, '1994-04-28 21:12:13', '1984-03-27 02:58:29'),
  ('3', 3, '2017-11-24 20:48:15', '1972-01-21 09:27:13'),
  ('4', 4, '1990-08-08 21:28:56', '1974-07-25 07:33:35'),
  ('5', 5, '1972-03-14 14:22:46', '1971-03-26 14:43:45'),
  ('6', 6, '2004-11-15 21:11:47', '2000-06-24 14:32:44'),
  ('7', 1, '1970-12-24 16:20:35', '1974-10-26 08:37:47'),
  ('8', 2, '1989-02-07 10:57:21', '1974-05-12 05:54:43'),
  ('9', 3, '2006-06-13 06:11:48', '1973-01-12 19:11:06'),
  ('10', 4, '2014-04-30 01:47:05', '1980-12-25 08:38:26'),
  ('11', 5, '1994-09-02 05:49:41', '2002-02-21 01:11:44'),
  ('12', 6, '1983-05-30 05:27:22', '2004-12-21 16:58:18'),
  ('13', 1, '2001-02-15 20:36:05', '1994-01-30 00:06:50'),
  ('14', 2, '2019-04-18 16:45:34', '2017-07-14 03:00:49'),
  ('15', 3, '2013-08-21 23:10:59', '1982-03-22 21:28:50');

INSERT INTO cart (id, user_id, order_id, total_coast)
VALUES
  ('1', 1, 1, 37000.00),
  ('2', 2, 2, 30000.00);

INSERT INTO orders_products (id, order_id, product_id, total, created_at, updated_at)
VALUES
  ('1', 1, 1, 1, '1988-04-25 06:03:23', '1999-10-08 20:01:50'),
  ('2', 2, 2, 1, '1990-07-16 20:12:09', '1998-08-08 15:07:55'),
  ('3', 3, 3, 1, '2013-03-16 10:13:41', '1978-06-27 18:12:23'),
  ('4', 4, 4, 1, '1988-05-11 04:01:28', '1991-11-21 19:48:09'),
  ('5', 5, 5, 1, '2010-06-04 23:15:02', '1975-12-03 03:03:26'),
  ('6', 6, 6, 1, '1984-06-09 22:50:06', '2008-03-25 08:26:56'),
  ('7', 7, 7, 1, '1998-07-17 01:24:48', '1983-07-22 23:09:04'),
  ('8', 8, 1, 1, '2009-11-09 18:20:06', '2002-04-13 07:19:33'),
  ('9', 9, 2, 1, '1971-02-04 03:24:15', '1998-10-29 08:55:02'),
  ('10', 10, 3, 1, '1990-01-07 16:03:11', '2001-09-14 06:54:42'),
  ('11', 11, 4, 1, '1992-12-08 15:48:06', '1989-09-19 01:36:09'),
  ('12', 12, 5, 1, '1990-01-20 15:52:11', '1989-08-10 21:53:22'),
  ('13', 13, 6, 1, '2010-01-23 11:49:20', '2002-11-23 04:49:11'),
  ('14', 14, 7, 1, '1972-03-05 04:45:44', '1979-04-23 02:09:33'),
  ('15', 15, 1, 1, '2019-11-18 09:02:29', '2018-07-07 02:18:00');

INSERT INTO discounts (id, user_id, product_id, discount, started_at, finished_at, created_at, updated_at)
VALUES
  ('1', 1, 1, '5000', '1996-08-05 01:52:22', '1987-12-01 16:23:46', '2011-04-14 15:01:42', '1998-09-08 16:28:44'),
  ('2', 2, 2, '4000', '1988-09-17 15:54:37', '1988-05-08 22:41:05', '2007-01-28 00:26:37', '1999-09-04 22:31:12'),
  ('3', 3, 3, '3000', '1979-08-04 21:50:03', '1999-08-27 00:13:37', '2013-11-11 06:15:52', '1986-02-28 15:47:38'),
  ('4', 4, 4, '4779', '2009-06-24 16:41:44', '2016-02-19 17:26:33', '2007-08-02 19:35:33', '1987-11-05 01:29:05'),
  ('5', 5, 5, '516', '1998-03-31 08:47:17', '2012-02-05 05:39:00', '2002-03-11 01:59:18', '1995-11-28 22:37:24'),
  ('6', 6, 6, '0', '1988-05-16 11:49:20', '1992-11-21 09:22:13', '2000-07-14 10:37:21', '2001-11-19 19:07:32'),
  ('7', 1, 7, '1000', '2014-03-31 16:02:25', '1973-10-16 22:26:19', '2012-05-30 03:14:57', '1976-11-15 02:00:16'),
  ('8', 2, 1, '1000', '2001-09-26 00:12:14', '1980-04-20 23:50:44', '2012-05-01 21:48:08', '1989-10-27 15:53:24'),
  ('9', 3, 2, '1000', '2012-02-19 13:44:18', '1977-05-01 13:43:42', '1982-11-03 08:55:05', '2007-04-01 09:37:50'),
  ('10', 4, 3, '0', '1977-08-10 07:05:30', '1973-08-22 21:41:08', '1983-11-17 21:27:15', '1978-05-19 03:27:34'),
  ('11', 5, 4, '1000', '2018-11-26 21:45:21', '1999-12-01 14:30:08', '1970-12-01 03:29:55', '2018-10-25 02:49:34'),
  ('12', 6, 5, '1000', '1991-08-03 08:48:42', '2010-11-28 10:59:50', '1980-03-20 13:35:49', '2001-08-13 23:42:42'),
  ('13', 1, 6, '1000', '1977-07-19 02:04:23', '2002-09-07 01:11:50', '1981-12-19 14:29:22', '2003-08-18 09:30:20'),
  ('14', 2, 7, '1000', '1975-09-18 10:33:47', '1977-01-05 11:47:15', '2014-12-31 22:33:26', '2014-12-18 14:16:31'),
  ('15', 3, 1, '1000', '2007-06-05 02:19:58', '2017-10-13 02:57:21', '1996-07-14 01:43:16', '1983-08-20 12:22:59');
